name,fsm,swarm,iteraciones,score
aggregation_100%,{1: '--nstates 2 --s0 7 --rwm0 5 --cle0 0 --n0 1 --n0x0 0 --c0x0 5 --p0x0 0.9 --l0x0 6 --f0x0 1 --s1 9 --fov1 1 --vel1 1.0 --cle1 6 --clr1 6 --phe1 0 --n1 1 --n1x0 0 --c1x0 3 --p1x0 0.5'},[10],10,"[0.371577, 0.335529, 0.541409, 0.425706, 0.266298, 0.596645, 0.680397, 0.564901, 0.307164, 0.590686]"
aggregation_80%,{1: '--nstates 2 --s0 7 --rwm0 5 --cle0 0 --n0 1 --n0x0 0 --c0x0 5 --p0x0 0.9 --l0x0 6 --f0x0 1 --s1 9 --fov1 1 --vel1 1.0 --cle1 6 --clr1 6 --phe1 0 --n1 1 --n1x0 0 --c1x0 3 --p1x0 0.5'},[10],10,"[0.283082, 0.295258, 0.310988, 0.463422, 0.356498, 0.34073, 0.251024, 0.280387, 0.235276, 0.437987]"
aggregation_60%,{1: '--nstates 2 --s0 7 --rwm0 5 --cle0 0 --n0 1 --n0x0 0 --c0x0 5 --p0x0 0.9 --l0x0 6 --f0x0 1 --s1 9 --fov1 1 --vel1 1.0 --cle1 6 --clr1 6 --phe1 0 --n1 1 --n1x0 0 --c1x0 3 --p1x0 0.5'},[10],10,"[0.226654, 0.311664, 0.276755, 0.202357, 0.241261, 0.297644, 0.37031, 0.31224, 0.222361, 0.374912]"
aggregation_40%,{1: '--nstates 2 --s0 7 --rwm0 5 --cle0 0 --n0 1 --n0x0 0 --c0x0 5 --p0x0 0.9 --l0x0 6 --f0x0 1 --s1 9 --fov1 1 --vel1 1.0 --cle1 6 --clr1 6 --phe1 0 --n1 1 --n1x0 0 --c1x0 3 --p1x0 0.5'},[10],10,"[0.255824, 0.23365, 0.20081, 0.246105, 0.215858, 0.254914, 0.244668, 0.439808, 0.352309, 0.206295]"
aggregation_20%,{1: '--nstates 2 --s0 7 --rwm0 5 --cle0 0 --n0 1 --n0x0 0 --c0x0 5 --p0x0 0.9 --l0x0 6 --f0x0 1 --s1 9 --fov1 1 --vel1 1.0 --cle1 6 --clr1 6 --phe1 0 --n1 1 --n1x0 0 --c1x0 3 --p1x0 0.5'},[10],10,"[0.23295, 0.237391, 0.260278, 0.395877, 0.202098, 0.239667, 0.211807, 0.225061, 0.227009, 0.217898]"
homing_habanero_100%,{1: '--nstates 3 --s0 0 --rwm0 5 --cle0 0 --phe0 0 --n0 2 --n0x0 0 --c0x0 5 --p0x0 0.9 --l0x0 1 --f0x0 1 --n0x1 1 --c0x1 5 --p0x1 0.8 --l0x1 5 --f0x1 1 --s1 2 --fov1 1 --vel1 1.0 --cle1 0 --clr1 1 --phe1 1 --n1 1 --n1x0 0 --c1x0 3 --p1x0 0.5 --s2 2 --fov2 1 --vel2 1.0 --cle2 0 --clr2 5 --phe2 1 --n2 1 --n2x0 0 --c2x0 3 --p2x0 0.5'},[10],10,"[8, 8, 8, 9, 10, 10, 9, 9, 8, 9]"
homing_habanero_80%,{1: '--nstates 3 --s0 0 --rwm0 5 --cle0 0 --phe0 0 --n0 2 --n0x0 0 --c0x0 5 --p0x0 0.9 --l0x0 1 --f0x0 1 --n0x1 1 --c0x1 5 --p0x1 0.8 --l0x1 5 --f0x1 1 --s1 2 --fov1 1 --vel1 1.0 --cle1 0 --clr1 1 --phe1 1 --n1 1 --n1x0 0 --c1x0 3 --p1x0 0.5 --s2 2 --fov2 1 --vel2 1.0 --cle2 0 --clr2 5 --phe2 1 --n2 1 --n2x0 0 --c2x0 3 --p2x0 0.5'},[10],10,"[9, 8, 7, 8, 10, 9, 10, 8, 8, 8]"
homing_habanero_60%,{1: '--nstates 3 --s0 0 --rwm0 5 --cle0 0 --phe0 0 --n0 2 --n0x0 0 --c0x0 5 --p0x0 0.9 --l0x0 1 --f0x0 1 --n0x1 1 --c0x1 5 --p0x1 0.8 --l0x1 5 --f0x1 1 --s1 2 --fov1 1 --vel1 1.0 --cle1 0 --clr1 1 --phe1 1 --n1 1 --n1x0 0 --c1x0 3 --p1x0 0.5 --s2 2 --fov2 1 --vel2 1.0 --cle2 0 --clr2 5 --phe2 1 --n2 1 --n2x0 0 --c2x0 3 --p2x0 0.5'},[10],10,"[9, 8, 9, 9, 9, 9, 10, 9, 8, 9]"
homing_habanero_40%,{1: '--nstates 3 --s0 0 --rwm0 5 --cle0 0 --phe0 0 --n0 2 --n0x0 0 --c0x0 5 --p0x0 0.9 --l0x0 1 --f0x0 1 --n0x1 1 --c0x1 5 --p0x1 0.8 --l0x1 5 --f0x1 1 --s1 2 --fov1 1 --vel1 1.0 --cle1 0 --clr1 1 --phe1 1 --n1 1 --n1x0 0 --c1x0 3 --p1x0 0.5 --s2 2 --fov2 1 --vel2 1.0 --cle2 0 --clr2 5 --phe2 1 --n2 1 --n2x0 0 --c2x0 3 --p2x0 0.5'},[10],10,"[8, 9, 8, 9, 9, 9, 10, 10, 9, 10]"
homing_habanero_20%,{1: '--nstates 3 --s0 0 --rwm0 5 --cle0 0 --phe0 0 --n0 2 --n0x0 0 --c0x0 5 --p0x0 0.9 --l0x0 1 --f0x0 1 --n0x1 1 --c0x1 5 --p0x1 0.8 --l0x1 5 --f0x1 1 --s1 2 --fov1 1 --vel1 1.0 --cle1 0 --clr1 1 --phe1 1 --n1 1 --n1x0 0 --c1x0 3 --p1x0 0.5 --s2 2 --fov2 1 --vel2 1.0 --cle2 0 --clr2 5 --phe2 1 --n2 1 --n2x0 0 --c2x0 3 --p2x0 0.5'},[10],10,"[9, 7, 8, 9, 10, 3, 0, 0, 9, 1]"
homing_tutti_100%,{1: '--nstates 3 --s0 7 --rwm0 5 --cle0 0 --phe0 0 --n0 2 --n0x0 0 --c0x0 5 --p0x0 0.9 --l0x0 1 --f0x0 1 --n0x1 1 --c0x1 5 --p0x1 0.8 --l0x1 6 --f0x1 1 --s1 9 --fov1 1 --vel1 1.0 --cle1 6 --clr1 1 --phe1 0 --n1 1 --n1x0 0 --c1x0 3 --p1x0 0.5 --s2 9 --fov2 1 --vel2 1.0 --cle2 6 --clr2 6 --phe2 0 --n2 1 --n2x0 0 --c2x0 3 --p2x0 0.5'},[10],10,"[9, 10, 9, 9, 8, 6, 4, 8, 10, 10]"
homing_tutti_80%,{1: '--nstates 3 --s0 7 --rwm0 5 --cle0 0 --phe0 0 --n0 2 --n0x0 0 --c0x0 5 --p0x0 0.9 --l0x0 1 --f0x0 1 --n0x1 1 --c0x1 5 --p0x1 0.8 --l0x1 6 --f0x1 1 --s1 9 --fov1 1 --vel1 1.0 --cle1 6 --clr1 1 --phe1 0 --n1 1 --n1x0 0 --c1x0 3 --p1x0 0.5 --s2 9 --fov2 1 --vel2 1.0 --cle2 6 --clr2 6 --phe2 0 --n2 1 --n2x0 0 --c2x0 3 --p2x0 0.5'},[10],10,"[9, 9, 5, 6, 6, 4, 0, 6, 8, 9]"
homing_tutti_60%,{1: '--nstates 3 --s0 7 --rwm0 5 --cle0 0 --phe0 0 --n0 2 --n0x0 0 --c0x0 5 --p0x0 0.9 --l0x0 1 --f0x0 1 --n0x1 1 --c0x1 5 --p0x1 0.8 --l0x1 6 --f0x1 1 --s1 9 --fov1 1 --vel1 1.0 --cle1 6 --clr1 1 --phe1 0 --n1 1 --n1x0 0 --c1x0 3 --p1x0 0.5 --s2 9 --fov2 1 --vel2 1.0 --cle2 6 --clr2 6 --phe2 0 --n2 1 --n2x0 0 --c2x0 3 --p2x0 0.5'},[10],10,"[8, 8, 9, 10, 2, 0, 0, 4, 5, 3]"
homing_tutti_40%,{1: '--nstates 3 --s0 7 --rwm0 5 --cle0 0 --phe0 0 --n0 2 --n0x0 0 --c0x0 5 --p0x0 0.9 --l0x0 1 --f0x0 1 --n0x1 1 --c0x1 5 --p0x1 0.8 --l0x1 6 --f0x1 1 --s1 9 --fov1 1 --vel1 1.0 --cle1 6 --clr1 1 --phe1 0 --n1 1 --n1x0 0 --c1x0 3 --p1x0 0.5 --s2 9 --fov2 1 --vel2 1.0 --cle2 6 --clr2 6 --phe2 0 --n2 1 --n2x0 0 --c2x0 3 --p2x0 0.5'},[10],10,"[2, 9, 1, 0, 4, 0, 3, 7, 4, 0]"
homing_tutti_20%,{1: '--nstates 3 --s0 7 --rwm0 5 --cle0 0 --phe0 0 --n0 2 --n0x0 0 --c0x0 5 --p0x0 0.9 --l0x0 1 --f0x0 1 --n0x1 1 --c0x1 5 --p0x1 0.8 --l0x1 6 --f0x1 1 --s1 9 --fov1 1 --vel1 1.0 --cle1 6 --clr1 1 --phe1 0 --n1 1 --n1x0 0 --c1x0 3 --p1x0 0.5 --s2 9 --fov2 1 --vel2 1.0 --cle2 6 --clr2 6 --phe2 0 --n2 1 --n2x0 0 --c2x0 3 --p2x0 0.5'},[10],10,"[7, 2, 10, 7, 3, 3, 0, 1, 1, 0]"
aggregation_habanero_100%,{1: '--nstates 2 --s0 0 --rwm0 5 --cle0 0 --phe0 0 --n0 1 --n0x0 0 --c0x0 4 --p0x0 0.8 --s1 2 --fov1 1 --vel1 1.0 --cle1 0 --clr1 5 --phe1 2 --n1 1 --n1x0 0 --c1x0 4 --p1x0 0.9'},[10],10,"[0.420183, 0.71735, 0.841526, 0.272859, 0.807874, 0.381358, 0.297223, 0.338058, 0.514885, 0.520095]"
aggregation_habanero_80%,{1: '--nstates 2 --s0 0 --rwm0 5 --cle0 0 --phe0 0 --n0 1 --n0x0 0 --c0x0 4 --p0x0 0.8 --s1 2 --fov1 1 --vel1 1.0 --cle1 0 --clr1 5 --phe1 2 --n1 1 --n1x0 0 --c1x0 4 --p1x0 0.9'},[10],10,"[0.676329, 0.773159, 0.730917, 0.48508, 0.896399, 0.514532, 0.689221, 0.805217, 0.575917, 0.350578]"
aggregation_habanero_60%,{1: '--nstates 2 --s0 0 --rwm0 5 --cle0 0 --phe0 0 --n0 1 --n0x0 0 --c0x0 4 --p0x0 0.8 --s1 2 --fov1 1 --vel1 1.0 --cle1 0 --clr1 5 --phe1 2 --n1 1 --n1x0 0 --c1x0 4 --p1x0 0.9'},[10],10,"[0.506437, 0.854984, 0.773779, 0.732707, 0.574138, 0.495898, 0.777181, 0.362177, 0.81974, 0.682252]"
aggregation_habanero_40%,{1: '--nstates 2 --s0 0 --rwm0 5 --cle0 0 --phe0 0 --n0 1 --n0x0 0 --c0x0 4 --p0x0 0.8 --s1 2 --fov1 1 --vel1 1.0 --cle1 0 --clr1 5 --phe1 2 --n1 1 --n1x0 0 --c1x0 4 --p1x0 0.9'},[10],10,"[0.497895, 0.411835, 0.593626, 0.537581, 0.88585, 0.681273, 0.270462, 0.65628, 0.504216, 0.247542]"
aggregation_habanero_20%,{1: '--nstates 2 --s0 0 --rwm0 5 --cle0 0 --phe0 0 --n0 1 --n0x0 0 --c0x0 4 --p0x0 0.8 --s1 2 --fov1 1 --vel1 1.0 --cle1 0 --clr1 5 --phe1 2 --n1 1 --n1x0 0 --c1x0 4 --p1x0 0.9'},[10],10,"[0.7354, 0.392321, 0.823217, 0.498319, 0.677439, 0.605556, 0.224778, 0.618473, 0.486127, 0.64944]"
aggregation_tutti_100%,{1: '--nstates 3 --s0 0 --rwm0 5 --cle0 0 --phe0 0 --n0 2 --n0x0 0 --c0x0 5 --p0x0 0.9 --l0x0 5 --f0x0 1 --n0x1 1 --c0x1 5 --p0x1 0.3 --l0x1 6 --f0x1 1 --s1 2 --fov1 1 --vel1 1.0 --cle1 0 --clr1 5 --phe1 1 --n1 1 --n1x0 0 --c1x0 3 --p1x0 0.5 --s2 2 --fov2 1 --vel2 1.0 --cle2 0 --clr2 6 --phe2 1 --n2 1 --n2x0 0 --c2x0 3 --p2x0 0.5'},[10],10,"[0.466139, 0.411476, 0.672523, 0.579901, 0.614009, 0.661457, 0.589793, 0.524706, 0.439067, 0.533035]"
aggregation_tutti_80%,{1: '--nstates 3 --s0 0 --rwm0 5 --cle0 0 --phe0 0 --n0 2 --n0x0 0 --c0x0 5 --p0x0 0.9 --l0x0 5 --f0x0 1 --n0x1 1 --c0x1 5 --p0x1 0.3 --l0x1 6 --f0x1 1 --s1 2 --fov1 1 --vel1 1.0 --cle1 0 --clr1 5 --phe1 1 --n1 1 --n1x0 0 --c1x0 3 --p1x0 0.5 --s2 2 --fov2 1 --vel2 1.0 --cle2 0 --clr2 6 --phe2 1 --n2 1 --n2x0 0 --c2x0 3 --p2x0 0.5'},[10],10,"[0.32914, 0.623362, 0.705302, 0.690085, 0.496624, 0.573142, 0.509591, 0.609847, 0.49379, 0.395702]"
aggregation_tutti_60%,{1: '--nstates 3 --s0 0 --rwm0 5 --cle0 0 --phe0 0 --n0 2 --n0x0 0 --c0x0 5 --p0x0 0.9 --l0x0 5 --f0x0 1 --n0x1 1 --c0x1 5 --p0x1 0.3 --l0x1 6 --f0x1 1 --s1 2 --fov1 1 --vel1 1.0 --cle1 0 --clr1 5 --phe1 1 --n1 1 --n1x0 0 --c1x0 3 --p1x0 0.5 --s2 2 --fov2 1 --vel2 1.0 --cle2 0 --clr2 6 --phe2 1 --n2 1 --n2x0 0 --c2x0 3 --p2x0 0.5'},[10],10,"[0.293464, 0.491237, 0.495027, 0.570044, 0.549807, 0.381477, 0.472894, 0.30248, 0.224333, 0.462042]"
aggregation_tutti_40%,{1: '--nstates 3 --s0 0 --rwm0 5 --cle0 0 --phe0 0 --n0 2 --n0x0 0 --c0x0 5 --p0x0 0.9 --l0x0 5 --f0x0 1 --n0x1 1 --c0x1 5 --p0x1 0.3 --l0x1 6 --f0x1 1 --s1 2 --fov1 1 --vel1 1.0 --cle1 0 --clr1 5 --phe1 1 --n1 1 --n1x0 0 --c1x0 3 --p1x0 0.5 --s2 2 --fov2 1 --vel2 1.0 --cle2 0 --clr2 6 --phe2 1 --n2 1 --n2x0 0 --c2x0 3 --p2x0 0.5'},[10],10,"[0.413326, 0.263202, 0.223142, 0.427252, 0.417201, 0.244414, 0.245405, 0.291727, 0.353678, 0.258104]"
aggregation_tutti_20%,{1: '--nstates 3 --s0 0 --rwm0 5 --cle0 0 --phe0 0 --n0 2 --n0x0 0 --c0x0 5 --p0x0 0.9 --l0x0 5 --f0x0 1 --n0x1 1 --c0x1 5 --p0x1 0.3 --l0x1 6 --f0x1 1 --s1 2 --fov1 1 --vel1 1.0 --cle1 0 --clr1 5 --phe1 1 --n1 1 --n1x0 0 --c1x0 3 --p1x0 0.5 --s2 2 --fov2 1 --vel2 1.0 --cle2 0 --clr2 6 --phe2 1 --n2 1 --n2x0 0 --c2x0 3 --p2x0 0.5'},[10],10,"[0.214118, 0.232055, 0.247237, 0.230093, 0.224824, 0.23805, 0.237006, 0.239872, 0.217634, 0.255256]"
tasking_habanero_100%,{1: '--nstates 3 --s0 3 --fov0 1.6 --vel0 1.0 --clr0 2 --phe0 0 --n0 1 --n0x0 0 --c0x0 5 --p0x0 0.5 --l0x0 2 --f0x0 1.6 --s1 2 --fov1 1.6 --vel1 1.0 --clr1 2 --phe1 0 --n1 2 --n1x0 1 --c1x0 1 --p1x0 0.8 --n1x1 0 --c1x1 5 --p1x1 1 --l1x1 5 --f1x1 1.6 --s2 4 --phe2 2 --n2 1 --n2x0 0 --c2x0 4 --p2x0 0.05 '},[20],10,"[-5, -12, -4, -10, -2, -9, -3, -5, -5, -13]"
tasking_habanero_80%,{1: '--nstates 3 --s0 3 --fov0 1.6 --vel0 1.0 --clr0 2 --phe0 0 --n0 1 --n0x0 0 --c0x0 5 --p0x0 0.5 --l0x0 2 --f0x0 1.6 --s1 2 --fov1 1.6 --vel1 1.0 --clr1 2 --phe1 0 --n1 2 --n1x0 1 --c1x0 1 --p1x0 0.8 --n1x1 0 --c1x1 5 --p1x1 1 --l1x1 5 --f1x1 1.6 --s2 4 --phe2 2 --n2 1 --n2x0 0 --c2x0 4 --p2x0 0.05 '},[16],10,"[-2, -10, -1, -5, -7, -8, -6, -7, -12, -7]"
tasking_habanero_60%,{1: '--nstates 3 --s0 3 --fov0 1.6 --vel0 1.0 --clr0 2 --phe0 0 --n0 1 --n0x0 0 --c0x0 5 --p0x0 0.5 --l0x0 2 --f0x0 1.6 --s1 2 --fov1 1.6 --vel1 1.0 --clr1 2 --phe1 0 --n1 2 --n1x0 1 --c1x0 1 --p1x0 0.8 --n1x1 0 --c1x1 5 --p1x1 1 --l1x1 5 --f1x1 1.6 --s2 4 --phe2 2 --n2 1 --n2x0 0 --c2x0 4 --p2x0 0.05 '},[12],10,"[9, -4, -2, 0, -4, 5, -8, -1, 3, 0]"
tasking_habanero_40%,{1: '--nstates 3 --s0 3 --fov0 1.6 --vel0 1.0 --clr0 2 --phe0 0 --n0 1 --n0x0 0 --c0x0 5 --p0x0 0.5 --l0x0 2 --f0x0 1.6 --s1 2 --fov1 1.6 --vel1 1.0 --clr1 2 --phe1 0 --n1 2 --n1x0 1 --c1x0 1 --p1x0 0.8 --n1x1 0 --c1x1 5 --p1x1 1 --l1x1 5 --f1x1 1.6 --s2 4 --phe2 2 --n2 1 --n2x0 0 --c2x0 4 --p2x0 0.05 '},[8],10,"[2, 0, 6, 2, 6, -4, 5, 12, 7, 9]"
tasking_habanero_20%,{1: '--nstates 3 --s0 3 --fov0 1.6 --vel0 1.0 --clr0 2 --phe0 0 --n0 1 --n0x0 0 --c0x0 5 --p0x0 0.5 --l0x0 2 --f0x0 1.6 --s1 2 --fov1 1.6 --vel1 1.0 --clr1 2 --phe1 0 --n1 2 --n1x0 1 --c1x0 1 --p1x0 0.8 --n1x1 0 --c1x1 5 --p1x1 1 --l1x1 5 --f1x1 1.6 --s2 4 --phe2 2 --n2 1 --n2x0 0 --c2x0 4 --p2x0 0.05 '},[4],10,"[5, 4, -3, 3, 4, 3, 5, 3, 0, 3]"
tasking_tutti_100%,{1: '--nstates 3 --s0 10 --fov0 1.6 --vel0 1.0 --clr0 2 --cle0 0 --phe0 0 --n0 1 --n0x0 0 --c0x0 5 --p0x0 0.5 --l0x0 2 --f0x0 1.6 --s1 9 --fov1 1.6 --vel1 1.0 --clr1 2 --cle1 0 --phe1 0 --n1 2 --n1x0 1 --c1x0 1 --p1x0 0.8 --n1x1 0 --c1x1 5 --p1x1 1 --l1x1 6 --f1x1 1.6 --s2 11 --phe2 0 --cle2 6 --n2 1 --n2x0 0 --c2x0 4 --p2x0 0.01 '},[20],10,"[-14, -18, -16, -17, -18, -14, -16, -15, -17, -16]"
tasking_tutti_80%,{1: '--nstates 3 --s0 10 --fov0 1.6 --vel0 1.0 --clr0 2 --cle0 0 --phe0 0 --n0 1 --n0x0 0 --c0x0 5 --p0x0 0.5 --l0x0 2 --f0x0 1.6 --s1 9 --fov1 1.6 --vel1 1.0 --clr1 2 --cle1 0 --phe1 0 --n1 2 --n1x0 1 --c1x0 1 --p1x0 0.8 --n1x1 0 --c1x1 5 --p1x1 1 --l1x1 6 --f1x1 1.6 --s2 11 --phe2 0 --cle2 6 --n2 1 --n2x0 0 --c2x0 4 --p2x0 0.01 '},[16],10,"[-13, -15, -16, -13, -11, -12, -14, -14, -12, -14]"
tasking_tutti_60%,{1: '--nstates 3 --s0 10 --fov0 1.6 --vel0 1.0 --clr0 2 --cle0 0 --phe0 0 --n0 1 --n0x0 0 --c0x0 5 --p0x0 0.5 --l0x0 2 --f0x0 1.6 --s1 9 --fov1 1.6 --vel1 1.0 --clr1 2 --cle1 0 --phe1 0 --n1 2 --n1x0 1 --c1x0 1 --p1x0 0.8 --n1x1 0 --c1x1 5 --p1x1 1 --l1x1 6 --f1x1 1.6 --s2 11 --phe2 0 --cle2 6 --n2 1 --n2x0 0 --c2x0 4 --p2x0 0.01 '},[12],10,"[-13, -12, -12, -12, -10, -6, -10, -13, -12, -10]"
tasking_tutti_40%,{1: '--nstates 3 --s0 10 --fov0 1.6 --vel0 1.0 --clr0 2 --cle0 0 --phe0 0 --n0 1 --n0x0 0 --c0x0 5 --p0x0 0.5 --l0x0 2 --f0x0 1.6 --s1 9 --fov1 1.6 --vel1 1.0 --clr1 2 --cle1 0 --phe1 0 --n1 2 --n1x0 1 --c1x0 1 --p1x0 0.8 --n1x1 0 --c1x1 5 --p1x1 1 --l1x1 6 --f1x1 1.6 --s2 11 --phe2 0 --cle2 6 --n2 1 --n2x0 0 --c2x0 4 --p2x0 0.01 '},[8],10,"[-9, -7, -8, -8, -7, -9, -8, -7, -8, -6]"
tasking_tutti_20%,{1: '--nstates 3 --s0 10 --fov0 1.6 --vel0 1.0 --clr0 2 --cle0 0 --phe0 0 --n0 1 --n0x0 0 --c0x0 5 --p0x0 0.5 --l0x0 2 --f0x0 1.6 --s1 9 --fov1 1.6 --vel1 1.0 --clr1 2 --cle1 0 --phe1 0 --n1 2 --n1x0 1 --c1x0 1 --p1x0 0.8 --n1x1 0 --c1x1 5 --p1x1 1 --l1x1 6 --f1x1 1.6 --s2 11 --phe2 0 --cle2 6 --n2 1 --n2x0 0 --c2x0 4 --p2x0 0.01 '},[4],10,"[-4, -4, -4, -4, -4, -4, -4, -4, -4, -5]"
homing2_habanero_100%,{1: '--nstates 3 --s0 0 --rwm0 5 --cle0 0 --phe0 0 --n0 2 --n0x0 0 --c0x0 5 --p0x0 0.9 --l0x0 1 --f0x0 1 --n0x1 1 --c0x1 5 --p0x1 0.8 --l0x1 5 --f0x1 1 --s1 2 --fov1 1 --vel1 1.0 --cle1 0 --clr1 1 --phe1 1 --n1 1 --n1x0 0 --c1x0 3 --p1x0 0.5 --s2 2 --fov2 1 --vel2 1.0 --cle2 0 --clr2 5 --phe2 1 --n2 1 --n2x0 0 --c2x0 3 --p2x0 0.5'},[10],10,"[7337, 8044, 7238, 8893, 7120, 8108, 8177, 9167, 7338, 6776]"
homing2_habanero_80%,{1: '--nstates 3 --s0 0 --rwm0 5 --cle0 0 --phe0 0 --n0 2 --n0x0 0 --c0x0 5 --p0x0 0.9 --l0x0 1 --f0x0 1 --n0x1 1 --c0x1 5 --p0x1 0.8 --l0x1 5 --f0x1 1 --s1 2 --fov1 1 --vel1 1.0 --cle1 0 --clr1 1 --phe1 1 --n1 1 --n1x0 0 --c1x0 3 --p1x0 0.5 --s2 2 --fov2 1 --vel2 1.0 --cle2 0 --clr2 5 --phe2 1 --n2 1 --n2x0 0 --c2x0 3 --p2x0 0.5'},[10],10,"[7820, 6634, 7944, 7375, 6181, 6740, 9266, 7287, 9965, 8363]"
homing2_habanero_60%,{1: '--nstates 3 --s0 0 --rwm0 5 --cle0 0 --phe0 0 --n0 2 --n0x0 0 --c0x0 5 --p0x0 0.9 --l0x0 1 --f0x0 1 --n0x1 1 --c0x1 5 --p0x1 0.8 --l0x1 5 --f0x1 1 --s1 2 --fov1 1 --vel1 1.0 --cle1 0 --clr1 1 --phe1 1 --n1 1 --n1x0 0 --c1x0 3 --p1x0 0.5 --s2 2 --fov2 1 --vel2 1.0 --cle2 0 --clr2 5 --phe2 1 --n2 1 --n2x0 0 --c2x0 3 --p2x0 0.5'},[10],10,"[8679, 7505, 8882, 6524, 8398, 7357, 8165, 9391, 5910, 7952]"
homing2_habanero_40%,{1: '--nstates 3 --s0 0 --rwm0 5 --cle0 0 --phe0 0 --n0 2 --n0x0 0 --c0x0 5 --p0x0 0.9 --l0x0 1 --f0x0 1 --n0x1 1 --c0x1 5 --p0x1 0.8 --l0x1 5 --f0x1 1 --s1 2 --fov1 1 --vel1 1.0 --cle1 0 --clr1 1 --phe1 1 --n1 1 --n1x0 0 --c1x0 3 --p1x0 0.5 --s2 2 --fov2 1 --vel2 1.0 --cle2 0 --clr2 5 --phe2 1 --n2 1 --n2x0 0 --c2x0 3 --p2x0 0.5'},[10],10,"[7828, 8209, 4608, 8039, 8991, 7425, 7218, 6013, 6705, 4919]"
homing2_habanero_20%,{1: '--nstates 3 --s0 0 --rwm0 5 --cle0 0 --phe0 0 --n0 2 --n0x0 0 --c0x0 5 --p0x0 0.9 --l0x0 1 --f0x0 1 --n0x1 1 --c0x1 5 --p0x1 0.8 --l0x1 5 --f0x1 1 --s1 2 --fov1 1 --vel1 1.0 --cle1 0 --clr1 1 --phe1 1 --n1 1 --n1x0 0 --c1x0 3 --p1x0 0.5 --s2 2 --fov2 1 --vel2 1.0 --cle2 0 --clr2 5 --phe2 1 --n2 1 --n2x0 0 --c2x0 3 --p2x0 0.5'},[10],10,"[1552, 1721, 1810, 2041, 1538, 1449, 1838, 1253, 2624, 1494]"
homing2_tutti_20%,{1: '--nstates 3 --s0 7 --rwm0 5 --cle0 0 --phe0 0 --n0 2 --n0x0 0 --c0x0 5 --p0x0 0.9 --l0x0 1 --f0x0 1 --n0x1 1 --c0x1 5 --p0x1 0.8 --l0x1 6 --f0x1 1 --s1 9 --fov1 1 --vel1 1.0 --cle1 6 --clr1 1 --phe1 0 --n1 1 --n1x0 0 --c1x0 3 --p1x0 0.5 --s2 9 --fov2 1 --vel2 1.0 --cle2 6 --clr2 6 --phe2 0 --n2 1 --n2x0 0 --c2x0 3 --p2x0 0.5'},[10],10,"[7707, 1364, 3426, 3030, 595, 6812, 509, 5606, 2842, 1257]"
homing2_tutti_40%,{1: '--nstates 3 --s0 7 --rwm0 5 --cle0 0 --phe0 0 --n0 2 --n0x0 0 --c0x0 5 --p0x0 0.9 --l0x0 1 --f0x0 1 --n0x1 1 --c0x1 5 --p0x1 0.8 --l0x1 6 --f0x1 1 --s1 9 --fov1 1 --vel1 1.0 --cle1 6 --clr1 1 --phe1 0 --n1 1 --n1x0 0 --c1x0 3 --p1x0 0.5 --s2 9 --fov2 1 --vel2 1.0 --cle2 6 --clr2 6 --phe2 0 --n2 1 --n2x0 0 --c2x0 3 --p2x0 0.5'},[10],10,"[6185, 7010, 3611, 6934, 4933, 9181, 6601, 8845, 5249, 6544]"
homing2_tutti_60%,{1: '--nstates 3 --s0 7 --rwm0 5 --cle0 0 --phe0 0 --n0 2 --n0x0 0 --c0x0 5 --p0x0 0.9 --l0x0 1 --f0x0 1 --n0x1 1 --c0x1 5 --p0x1 0.8 --l0x1 6 --f0x1 1 --s1 9 --fov1 1 --vel1 1.0 --cle1 6 --clr1 1 --phe1 0 --n1 1 --n1x0 0 --c1x0 3 --p1x0 0.5 --s2 9 --fov2 1 --vel2 1.0 --cle2 6 --clr2 6 --phe2 0 --n2 1 --n2x0 0 --c2x0 3 --p2x0 0.5'},[10],10,"[6818, 4091, 6336, 8792, 749, 6401, 1483, 5178, 6211, 7461]"
homing2_tutti_80%,{1: '--nstates 3 --s0 7 --rwm0 5 --cle0 0 --phe0 0 --n0 2 --n0x0 0 --c0x0 5 --p0x0 0.9 --l0x0 1 --f0x0 1 --n0x1 1 --c0x1 5 --p0x1 0.8 --l0x1 6 --f0x1 1 --s1 9 --fov1 1 --vel1 1.0 --cle1 6 --clr1 1 --phe1 0 --n1 1 --n1x0 0 --c1x0 3 --p1x0 0.5 --s2 9 --fov2 1 --vel2 1.0 --cle2 6 --clr2 6 --phe2 0 --n2 1 --n2x0 0 --c2x0 3 --p2x0 0.5'},[10],10,"[7491, 7032, 8568, 8000, 6821, 6325, 6911, 6313, 8002, 7810]"
homing2_tutti_100%,{1: '--nstates 3 --s0 7 --rwm0 5 --cle0 0 --phe0 0 --n0 2 --n0x0 0 --c0x0 5 --p0x0 0.9 --l0x0 1 --f0x0 1 --n0x1 1 --c0x1 5 --p0x1 0.8 --l0x1 6 --f0x1 1 --s1 9 --fov1 1 --vel1 1.0 --cle1 6 --clr1 1 --phe1 0 --n1 1 --n1x0 0 --c1x0 3 --p1x0 0.5 --s2 9 --fov2 1 --vel2 1.0 --cle2 6 --clr2 6 --phe2 0 --n2 1 --n2x0 0 --c2x0 3 --p2x0 0.5'},[10],10,"[8683, 8847, 6228, 9207, 7205, 7203, 8666, 8766, 8627, 8264]"
tasking2_habanero_100%,{1: '--nstates 3 --s0 3 --fov0 2.1 --vel0 1.0 --clr0 2 --phe0 0 --n0 1 --n0x0 0 --c0x0 5 --p0x0 0.5 --l0x0 2 --f0x0 2.1 --s1 2 --fov1 2.1 --vel1 1.0 --clr1 2 --phe1 0 --n1 2 --n1x0 1 --c1x0 1 --p1x0 0.8 --n1x1 0 --c1x1 5 --p1x1 1 --l1x1 5 --f1x1 2.1 --s2 4 --phe2 2 --n2 1 --n2x0 0 --c2x0 4 --p2x0 0.05 '},[16],10,"[-10, -12, -10, -14, -10, -12, -11, -12, -10, -10]"
tasking2_habanero_80%,{1: '--nstates 3 --s0 3 --fov0 2.1 --vel0 1.0 --clr0 2 --phe0 0 --n0 1 --n0x0 0 --c0x0 5 --p0x0 0.5 --l0x0 2 --f0x0 2.1 --s1 2 --fov1 2.1 --vel1 1.0 --clr1 2 --phe1 0 --n1 2 --n1x0 1 --c1x0 1 --p1x0 0.8 --n1x1 0 --c1x1 5 --p1x1 1 --l1x1 5 --f1x1 2.1 --s2 4 --phe2 2 --n2 1 --n2x0 0 --c2x0 4 --p2x0 0.05 '},[13],10,"[-13, -10, -11, -13, -6, -8, -12, -7, -10, -4]"
tasking2_habanero_60%,{1: '--nstates 3 --s0 3 --fov0 2.1 --vel0 1.0 --clr0 2 --phe0 0 --n0 1 --n0x0 0 --c0x0 5 --p0x0 0.5 --l0x0 2 --f0x0 2.1 --s1 2 --fov1 2.1 --vel1 1.0 --clr1 2 --phe1 0 --n1 2 --n1x0 1 --c1x0 1 --p1x0 0.8 --n1x1 0 --c1x1 5 --p1x1 1 --l1x1 5 --f1x1 2.1 --s2 4 --phe2 2 --n2 1 --n2x0 0 --c2x0 4 --p2x0 0.05 '},[10],10,"[-3, -9, -2, -2, -10, -5, -4, -5, -6, -9]"
tasking2_habanero_40%,{1: '--nstates 3 --s0 3 --fov0 2.1 --vel0 1.0 --clr0 2 --phe0 0 --n0 1 --n0x0 0 --c0x0 5 --p0x0 0.5 --l0x0 2 --f0x0 2.1 --s1 2 --fov1 2.1 --vel1 1.0 --clr1 2 --phe1 0 --n1 2 --n1x0 1 --c1x0 1 --p1x0 0.8 --n1x1 0 --c1x1 5 --p1x1 1 --l1x1 5 --f1x1 2.1 --s2 4 --phe2 2 --n2 1 --n2x0 0 --c2x0 4 --p2x0 0.05 '},[6],10,"[-3, 6, -4, 2, 2, -4, 3, -4, -2, 0]"
tasking2_habanero_20%,{1: '--nstates 3 --s0 3 --fov0 2.1 --vel0 1.0 --clr0 2 --phe0 0 --n0 1 --n0x0 0 --c0x0 5 --p0x0 0.5 --l0x0 2 --f0x0 2.1 --s1 2 --fov1 2.1 --vel1 1.0 --clr1 2 --phe1 0 --n1 2 --n1x0 1 --c1x0 1 --p1x0 0.8 --n1x1 0 --c1x1 5 --p1x1 1 --l1x1 5 --f1x1 2.1 --s2 4 --phe2 2 --n2 1 --n2x0 0 --c2x0 4 --p2x0 0.05 '},[3],10,"[3, 7, 10, 7, 6, -4, -5, -2, 7, 7]"
tasking2_tutti_20%,{1: '--nstates 3 --s0 10 --fov0 1.6 --vel0 1.0 --clr0 2 --cle0 0 --phe0 0 --n0 1 --n0x0 0 --c0x0 5 --p0x0 0.5 --l0x0 2 --f0x0 1.6 --s1 9 --fov1 1.6 --vel1 1.0 --clr1 2 --cle1 0 --phe1 0 --n1 2 --n1x0 1 --c1x0 1 --p1x0 0.8 --n1x1 0 --c1x1 5 --p1x1 1 --l1x1 6 --f1x1 1.6 --s2 11 --phe2 0 --cle2 6 --n2 1 --n2x0 0 --c2x0 4 --p2x0 0 '},[3],10,"[3, 3, 3, 3, 3, 3, 3, 3, 3, 3]"
tasking2_tutti_40%,{1: '--nstates 3 --s0 10 --fov0 1.6 --vel0 1.0 --clr0 2 --cle0 0 --phe0 0 --n0 1 --n0x0 0 --c0x0 5 --p0x0 0.5 --l0x0 2 --f0x0 1.6 --s1 9 --fov1 1.6 --vel1 1.0 --clr1 2 --cle1 0 --phe1 0 --n1 2 --n1x0 1 --c1x0 1 --p1x0 0.8 --n1x1 0 --c1x1 5 --p1x1 1 --l1x1 6 --f1x1 1.6 --s2 11 --phe2 0 --cle2 6 --n2 1 --n2x0 0 --c2x0 4 --p2x0 0 '},[6],10,"[6, 6, 6, 6, 6, 6, 6, 6, 6, 6]"
tasking2_tutti_60%,{1: '--nstates 3 --s0 10 --fov0 1.6 --vel0 1.0 --clr0 2 --cle0 0 --phe0 0 --n0 1 --n0x0 0 --c0x0 5 --p0x0 0.5 --l0x0 2 --f0x0 1.6 --s1 9 --fov1 1.6 --vel1 1.0 --clr1 2 --cle1 0 --phe1 0 --n1 2 --n1x0 1 --c1x0 1 --p1x0 0.8 --n1x1 0 --c1x1 5 --p1x1 1 --l1x1 6 --f1x1 1.6 --s2 11 --phe2 0 --cle2 6 --n2 1 --n2x0 0 --c2x0 4 --p2x0 0 '},[10],10,"[9, 10, 10, 10, 10, 10, 10, 10, 10, 10]"
tasking2_tutti_80%,{1: '--nstates 3 --s0 10 --fov0 1.6 --vel0 1.0 --clr0 2 --cle0 0 --phe0 0 --n0 1 --n0x0 0 --c0x0 5 --p0x0 0.5 --l0x0 2 --f0x0 1.6 --s1 9 --fov1 1.6 --vel1 1.0 --clr1 2 --cle1 0 --phe1 0 --n1 2 --n1x0 1 --c1x0 1 --p1x0 0.8 --n1x1 0 --c1x1 5 --p1x1 1 --l1x1 6 --f1x1 1.6 --s2 11 --phe2 0 --cle2 6 --n2 1 --n2x0 0 --c2x0 4 --p2x0 0 '},[13],10,"[12, 13, 13, 13, 13, 12, 13, 13, 13, 12]"
tasking2_tutti_100%,{1: '--nstates 3 --s0 10 --fov0 1.6 --vel0 1.0 --clr0 2 --cle0 0 --phe0 0 --n0 1 --n0x0 0 --c0x0 5 --p0x0 0.5 --l0x0 2 --f0x0 1.6 --s1 9 --fov1 1.6 --vel1 1.0 --clr1 2 --cle1 0 --phe1 0 --n1 2 --n1x0 1 --c1x0 1 --p1x0 0.8 --n1x1 0 --c1x1 5 --p1x1 1 --l1x1 6 --f1x1 1.6 --s2 11 --phe2 0 --cle2 6 --n2 1 --n2x0 0 --c2x0 4 --p2x0 0 '},[16],10,"[14, 13, 16, 14, 14, 15, 15, 15, 15, 13]"
aggregation2_habanero_100%,{1: '--nstates 2 --s0 0 --rwm0 5 --cle0 0 --phe0 0 --n0 1 --n0x0 0 --c0x0 4 --p0x0 0.8 --s1 2 --fov1 1 --vel1 1.0 --cle1 0 --clr1 5 --phe1 2 --n1 1 --n1x0 0 --c1x0 4 --p1x0 0.9'},[10],10,"[0.833349, 0.565908, 0.553832, 0.635797, 0.244454, 0.622616, 0.557306, 0.726085, 0.379423, 0.6591]"
aggregation2_habanero_80%,{1: '--nstates 2 --s0 0 --rwm0 5 --cle0 0 --phe0 0 --n0 1 --n0x0 0 --c0x0 4 --p0x0 0.8 --s1 2 --fov1 1 --vel1 1.0 --cle1 0 --clr1 5 --phe1 2 --n1 1 --n1x0 0 --c1x0 4 --p1x0 0.9'},[10],10,"[0.701546, 0.570731, 0.547977, 0.721038, 0.783695, 0.223268, 0.553113, 0.52199, 0.784702, 0.41345]"
aggregation2_habanero_60%,{1: '--nstates 2 --s0 0 --rwm0 5 --cle0 0 --phe0 0 --n0 1 --n0x0 0 --c0x0 4 --p0x0 0.8 --s1 2 --fov1 1 --vel1 1.0 --cle1 0 --clr1 5 --phe1 2 --n1 1 --n1x0 0 --c1x0 4 --p1x0 0.9'},[10],10,"[0.548567, 0.656065, 0.550951, 0.795508, 0.330702, 0.461983, 0.217081, 0.698699, 0.524163, 0.481268]"
aggregation2_habanero_40%,{1: '--nstates 2 --s0 0 --rwm0 5 --cle0 0 --phe0 0 --n0 1 --n0x0 0 --c0x0 4 --p0x0 0.8 --s1 2 --fov1 1 --vel1 1.0 --cle1 0 --clr1 5 --phe1 2 --n1 1 --n1x0 0 --c1x0 4 --p1x0 0.9'},[10],10,"[0.549873, 0.957812, 0.822618, 0.493228, 0.705084, 0.532271, 0.630888, 0.409573, 0.495522, 0.481986]"
aggregation2_habanero_20%,{1: '--nstates 2 --s0 0 --rwm0 5 --cle0 0 --phe0 0 --n0 1 --n0x0 0 --c0x0 4 --p0x0 0.8 --s1 2 --fov1 1 --vel1 1.0 --cle1 0 --clr1 5 --phe1 2 --n1 1 --n1x0 0 --c1x0 4 --p1x0 0.9'},[10],10,"[0.601891, 0.44183, 0.359956, 0.593104, 0.602304, 0.489243, 0.509502, 0.782288, 0.574622, 0.672262]"
aggregation2_tutti_20%,{1: '--nstates 2 --s0 7 --rwm0 5 --cle0 0 --phe0 0 --n0 1 --n0x0 0 --c0x0 5 --p0x0 0.9 --l0x0 6 --f0x0 1 --s1 9 --fov1 1 --vel1 1.0 --cle1 6 --clr1 6 --phe1 0 --n1 1 --n1x0 0 --c1x0 3 --p1x0 0.5'},[10],10,"[0.265186, 0.239919, 0.214275, 0.266065, 0.216741, 0.223442, 0.203515, 0.243319, 0.205465, 0.24558]"
aggregation2_tutti_40%,{1: '--nstates 2 --s0 7 --rwm0 5 --cle0 0 --phe0 0 --n0 1 --n0x0 0 --c0x0 5 --p0x0 0.9 --l0x0 6 --f0x0 1 --s1 9 --fov1 1 --vel1 1.0 --cle1 6 --clr1 6 --phe1 0 --n1 1 --n1x0 0 --c1x0 3 --p1x0 0.5'},[10],10,"[0.200673, 0.225397, 0.205036, 0.212126, 0.231963, 0.23076, 0.213989, 0.268306, 0.289206, 0.237539]"
aggregation2_tutti_60%,{1: '--nstates 2 --s0 7 --rwm0 5 --cle0 0 --phe0 0 --n0 1 --n0x0 0 --c0x0 5 --p0x0 0.9 --l0x0 6 --f0x0 1 --s1 9 --fov1 1 --vel1 1.0 --cle1 6 --clr1 6 --phe1 0 --n1 1 --n1x0 0 --c1x0 3 --p1x0 0.5'},[10],10,"[0.281782, 0.379881, 0.249651, 0.373998, 0.359667, 0.300209, 0.365009, 0.250471, 0.404775, 0.313245]"
aggregation2_tutti_80%,{1: '--nstates 2 --s0 7 --rwm0 5 --cle0 0 --phe0 0 --n0 1 --n0x0 0 --c0x0 5 --p0x0 0.9 --l0x0 6 --f0x0 1 --s1 9 --fov1 1 --vel1 1.0 --cle1 6 --clr1 6 --phe1 0 --n1 1 --n1x0 0 --c1x0 3 --p1x0 0.5'},[10],10,"[0.600422, 0.657253, 0.366724, 0.467768, 0.529517, 0.410507, 0.270408, 0.609305, 0.537754, 0.363801]"
aggregation2_tutti_100%,{1: '--nstates 2 --s0 7 --rwm0 5 --cle0 0 --phe0 0 --n0 1 --n0x0 0 --c0x0 5 --p0x0 0.9 --l0x0 6 --f0x0 1 --s1 9 --fov1 1 --vel1 1.0 --cle1 6 --clr1 6 --phe1 0 --n1 1 --n1x0 0 --c1x0 3 --p1x0 0.5'},[10],10,"[0.761092, 0.346795, 0.629933, 0.470348, 0.459557, 0.647363, 0.674383, 0.264937, 0.447498, 0.645291]"
tasking3_habanero_20%,{1: '--nstates 3 --s0 3 --fov0 2.1 --vel0 1.0 --clr0 2 --phe0 0 --n0 1 --n0x0 0 --c0x0 5 --p0x0 0.5 --l0x0 2 --f0x0 2.1 --s1 2 --fov1 2.1 --vel1 1.0 --clr1 2 --phe1 0 --n1 2 --n1x0 1 --c1x0 1 --p1x0 0.8 --n1x1 0 --c1x1 5 --p1x1 1 --l1x1 5 --f1x1 2.1 --s2 4 --phe2 2 --n2 1 --n2x0 0 --c2x0 4 --p2x0 0.05 '},[3],10,"[5, 4, 0, 5, 1, 4, 8, 0, 2, -1]"
tasking3_habanero_40%,{1: '--nstates 3 --s0 3 --fov0 2.1 --vel0 1.0 --clr0 2 --phe0 0 --n0 1 --n0x0 0 --c0x0 5 --p0x0 0.5 --l0x0 2 --f0x0 2.1 --s1 2 --fov1 2.1 --vel1 1.0 --clr1 2 --phe1 0 --n1 2 --n1x0 1 --c1x0 1 --p1x0 0.8 --n1x1 0 --c1x1 5 --p1x1 1 --l1x1 5 --f1x1 2.1 --s2 4 --phe2 2 --n2 1 --n2x0 0 --c2x0 4 --p2x0 0.05 '},[6],10,"[-2, -2, 0, 1, 4, 0, 1, 3, 3, 2]"
tasking3_habanero_60%,{1: '--nstates 3 --s0 3 --fov0 2.1 --vel0 1.0 --clr0 2 --phe0 0 --n0 1 --n0x0 0 --c0x0 5 --p0x0 0.5 --l0x0 2 --f0x0 2.1 --s1 2 --fov1 2.1 --vel1 1.0 --clr1 2 --phe1 0 --n1 2 --n1x0 1 --c1x0 1 --p1x0 0.8 --n1x1 0 --c1x1 5 --p1x1 1 --l1x1 5 --f1x1 2.1 --s2 4 --phe2 2 --n2 1 --n2x0 0 --c2x0 4 --p2x0 0.05 '},[10],10,"[-6, -3, -8, -6, -4, -6, -8, -2, -6, -9]"
tasking3_habanero_80%,{1: '--nstates 3 --s0 3 --fov0 2.1 --vel0 1.0 --clr0 2 --phe0 0 --n0 1 --n0x0 0 --c0x0 5 --p0x0 0.5 --l0x0 2 --f0x0 2.1 --s1 2 --fov1 2.1 --vel1 1.0 --clr1 2 --phe1 0 --n1 2 --n1x0 1 --c1x0 1 --p1x0 0.8 --n1x1 0 --c1x1 5 --p1x1 1 --l1x1 5 --f1x1 2.1 --s2 4 --phe2 2 --n2 1 --n2x0 0 --c2x0 4 --p2x0 0.05 '},[13],10,"[-4, -10, -8, -9, -4, -10, -8, -10, -14, -12]"
tasking3_habanero_100%,{1: '--nstates 3 --s0 3 --fov0 2.1 --vel0 1.0 --clr0 2 --phe0 0 --n0 1 --n0x0 0 --c0x0 5 --p0x0 0.5 --l0x0 2 --f0x0 2.1 --s1 2 --fov1 2.1 --vel1 1.0 --clr1 2 --phe1 0 --n1 2 --n1x0 1 --c1x0 1 --p1x0 0.8 --n1x1 0 --c1x1 5 --p1x1 1 --l1x1 5 --f1x1 2.1 --s2 4 --phe2 2 --n2 1 --n2x0 0 --c2x0 4 --p2x0 0.05 '},[16],10,"[-10, -14, -9, -16, -8, -14, -14, -14, -12, -12]"
homing3_habanero_20%,{1: '--nstates 3 --s0 0 --rwm0 5 --cle0 0 --phe0 0 --n0 2 --n0x0 0 --c0x0 5 --p0x0 0.9 --l0x0 1 --f0x0 1 --n0x1 1 --c0x1 5 --p0x1 0.8 --l0x1 5 --f0x1 1 --s1 2 --fov1 1 --vel1 1.0 --cle1 0 --clr1 1 --phe1 1 --n1 1 --n1x0 0 --c1x0 3 --p1x0 0.5 --s2 2 --fov2 1 --vel2 1.0 --cle2 0 --clr2 5 --phe2 1 --n2 1 --n2x0 0 --c2x0 3 --p2x0 0.5'},[10],10,"[6614, 7344, 7006, 7373, 7918, 8002, 9012, 7169, 8192, 8592]"
homing3_habanero_40%,{1: '--nstates 3 --s0 0 --rwm0 5 --cle0 0 --phe0 0 --n0 2 --n0x0 0 --c0x0 5 --p0x0 0.9 --l0x0 1 --f0x0 1 --n0x1 1 --c0x1 5 --p0x1 0.8 --l0x1 5 --f0x1 1 --s1 2 --fov1 1 --vel1 1.0 --cle1 0 --clr1 1 --phe1 1 --n1 1 --n1x0 0 --c1x0 3 --p1x0 0.5 --s2 2 --fov2 1 --vel2 1.0 --cle2 0 --clr2 5 --phe2 1 --n2 1 --n2x0 0 --c2x0 3 --p2x0 0.5'},[10],10,"[5785, 7969, 5767, 7228, 8226, 9165, 8268, 6795, 7164, 6280]"
homing3_habanero_60%,{1: '--nstates 3 --s0 0 --rwm0 5 --cle0 0 --phe0 0 --n0 2 --n0x0 0 --c0x0 5 --p0x0 0.9 --l0x0 1 --f0x0 1 --n0x1 1 --c0x1 5 --p0x1 0.8 --l0x1 5 --f0x1 1 --s1 2 --fov1 1 --vel1 1.0 --cle1 0 --clr1 1 --phe1 1 --n1 1 --n1x0 0 --c1x0 3 --p1x0 0.5 --s2 2 --fov2 1 --vel2 1.0 --cle2 0 --clr2 5 --phe2 1 --n2 1 --n2x0 0 --c2x0 3 --p2x0 0.5'},[10],10,"[7877, 5721, 7708, 8919, 7959, 8189, 6989, 8179, 8397, 6359]"
homing3_habanero_80%,{1: '--nstates 3 --s0 0 --rwm0 5 --cle0 0 --phe0 0 --n0 2 --n0x0 0 --c0x0 5 --p0x0 0.9 --l0x0 1 --f0x0 1 --n0x1 1 --c0x1 5 --p0x1 0.8 --l0x1 5 --f0x1 1 --s1 2 --fov1 1 --vel1 1.0 --cle1 0 --clr1 1 --phe1 1 --n1 1 --n1x0 0 --c1x0 3 --p1x0 0.5 --s2 2 --fov2 1 --vel2 1.0 --cle2 0 --clr2 5 --phe2 1 --n2 1 --n2x0 0 --c2x0 3 --p2x0 0.5'},[10],10,"[7071, 7612, 8287, 8621, 7572, 7671, 8966, 6479, 5663, 8581]"
homing3_habanero_100%,{1: '--nstates 3 --s0 0 --rwm0 5 --cle0 0 --phe0 0 --n0 2 --n0x0 0 --c0x0 5 --p0x0 0.9 --l0x0 1 --f0x0 1 --n0x1 1 --c0x1 5 --p0x1 0.8 --l0x1 5 --f0x1 1 --s1 2 --fov1 1 --vel1 1.0 --cle1 0 --clr1 1 --phe1 1 --n1 1 --n1x0 0 --c1x0 3 --p1x0 0.5 --s2 2 --fov2 1 --vel2 1.0 --cle2 0 --clr2 5 --phe2 1 --n2 1 --n2x0 0 --c2x0 3 --p2x0 0.5'},[10],10,"[7715, 6409, 8654, 6861, 8040, 5137, 7056, 5668, 8889, 6737]"
homing4_habanero_100%,{1: '--nstates 3 --s0 0 --rwm0 5 --cle0 0 --phe0 0 --n0 2 --n0x0 0 --c0x0 5 --p0x0 0.9 --l0x0 1 --f0x0 1 --n0x1 1 --c0x1 5 --p0x1 0.8 --l0x1 5 --f0x1 1 --s1 2 --fov1 1 --vel1 1.0 --cle1 0 --clr1 1 --phe1 1 --n1 1 --n1x0 0 --c1x0 3 --p1x0 0.5 --s2 2 --fov2 1 --vel2 1.0 --cle2 0 --clr2 5 --phe2 1 --n2 1 --n2x0 0 --c2x0 3 --p2x0 0.5'},[16],10,"[-12932, -10631, -11996, -11374, -13063, -10804, -13022, -9519, -9084, -12011]"
homing4_habanero_20%,{1: '--nstates 3 --s0 0 --rwm0 5 --cle0 0 --phe0 0 --n0 2 --n0x0 0 --c0x0 5 --p0x0 0.9 --l0x0 1 --f0x0 1 --n0x1 1 --c0x1 5 --p0x1 0.8 --l0x1 5 --f0x1 1 --s1 2 --fov1 1 --vel1 1.0 --cle1 0 --clr1 1 --phe1 1 --n1 1 --n1x0 0 --c1x0 3 --p1x0 0.5 --s2 2 --fov2 1 --vel2 1.0 --cle2 0 --clr2 5 --phe2 1 --n2 1 --n2x0 0 --c2x0 3 --p2x0 0.5'},[16],10,"[-6355, -7657, -2556, -9430, -2248, -8431, -3961, -3222, -2830, -6469]"
homing4_tutti_20%,{1: '--nstates 3 --s0 7 --rwm0 5 --cle0 0 --phe0 0 --n0 2 --n0x0 0 --c0x0 5 --p0x0 0.9 --l0x0 1 --f0x0 1 --n0x1 1 --c0x1 5 --p0x1 0.8 --l0x1 6 --f0x1 1 --s1 9 --fov1 1 --vel1 1.0 --cle1 6 --clr1 1 --phe1 0 --n1 1 --n1x0 0 --c1x0 3 --p1x0 0.5 --s2 9 --fov2 1 --vel2 1.0 --cle2 6 --clr2 6 --phe2 0 --n2 1 --n2x0 0 --c2x0 3 --p2x0 0.5'},[16],10,"[-4606, -774, -8839, -1562, -1541, -3776, -2321, -1715, -10852, -1584]"
homing4_tutti_100%,{1: '--nstates 3 --s0 7 --rwm0 5 --cle0 0 --phe0 0 --n0 2 --n0x0 0 --c0x0 5 --p0x0 0.9 --l0x0 1 --f0x0 1 --n0x1 1 --c0x1 5 --p0x1 0.8 --l0x1 6 --f0x1 1 --s1 9 --fov1 1 --vel1 1.0 --cle1 6 --clr1 1 --phe1 0 --n1 1 --n1x0 0 --c1x0 3 --p1x0 0.5 --s2 9 --fov2 1 --vel2 1.0 --cle2 6 --clr2 6 --phe2 0 --n2 1 --n2x0 0 --c2x0 3 --p2x0 0.5'},[16],10,"[-12520, -9090, -2318, -4740, -7262, -6486, -13191, -3413, -2622, -9695]"
tasking4_habanero_100%,{1: '--nstates 3 --s0 3 --fov0 2.1 --vel0 1.0 --clr0 2 --phe0 0 --n0 1 --n0x0 0 --c0x0 5 --p0x0 0.5 --l0x0 2 --f0x0 2.1 --s1 2 --fov1 2.1 --vel1 1.0 --clr1 2 --phe1 0 --n1 2 --n1x0 1 --c1x0 1 --p1x0 0.8 --n1x1 0 --c1x1 5 --p1x1 1 --l1x1 5 --f1x1 2.1 --s2 4 --phe2 2 --n2 1 --n2x0 0 --c2x0 4 --p2x0 0.05 '},[16],10,"[10, 10, 10, 6, 16, 13, 10, 12, 14, 10]"
tasking4_habanero_20%,{1: '--nstates 3 --s0 3 --fov0 2.1 --vel0 1.0 --clr0 2 --phe0 0 --n0 1 --n0x0 0 --c0x0 5 --p0x0 0.5 --l0x0 2 --f0x0 2.1 --s1 2 --fov1 2.1 --vel1 1.0 --clr1 2 --phe1 0 --n1 2 --n1x0 1 --c1x0 1 --p1x0 0.8 --n1x1 0 --c1x1 5 --p1x1 1 --l1x1 5 --f1x1 2.1 --s2 4 --phe2 2 --n2 1 --n2x0 0 --c2x0 4 --p2x0 0.05 '},[3],10,"[-6, -10, -1, -4, 2, -6, -8, -6, -5, -8]"
tasking4_tutti_20%,{1: '--nstates 3 --s0 10 --fov0 1.6 --vel0 1.0 --clr0 2 --cle0 0 --phe0 0 --n0 1 --n0x0 0 --c0x0 5 --p0x0 0.5 --l0x0 2 --f0x0 1.6 --s1 9 --fov1 1.6 --vel1 1.0 --clr1 2 --cle1 0 --phe1 0 --n1 2 --n1x0 1 --c1x0 1 --p1x0 0.8 --n1x1 0 --c1x1 5 --p1x1 1 --l1x1 6 --f1x1 1.6 --s2 11 --phe2 0 --cle2 6 --n2 1 --n2x0 0 --c2x0 4 --p2x0 0 '},[3],10,"[-2, -3, -1, -1, -1, -3, -3, -3, -1, -3]"
tasking4_tutti_100%,{1: '--nstates 3 --s0 10 --fov0 1.6 --vel0 1.0 --clr0 2 --cle0 0 --phe0 0 --n0 1 --n0x0 0 --c0x0 5 --p0x0 0.5 --l0x0 2 --f0x0 1.6 --s1 9 --fov1 1.6 --vel1 1.0 --clr1 2 --cle1 0 --phe1 0 --n1 2 --n1x0 1 --c1x0 1 --p1x0 0.8 --n1x1 0 --c1x1 5 --p1x1 1 --l1x1 6 --f1x1 1.6 --s2 11 --phe2 0 --cle2 6 --n2 1 --n2x0 0 --c2x0 4 --p2x0 0 '},[16],10,"[-11, -8, -14, -14, -16, -11, -11, -11, -15, -14]"
aggregation4_tutti_100%,{1: '--nstates 2 --s0 7 --rwm0 5 --cle0 0 --phe0 0 --n0 1 --n0x0 0 --c0x0 5 --p0x0 0.9 --l0x0 6 --f0x0 1 --s1 9 --fov1 1 --vel1 1.0 --cle1 6 --clr1 6 --phe1 0 --n1 1 --n1x0 0 --c1x0 3 --p1x0 0.5'},[16],10,"[584.472, 682.918, 757.13, 568.918, 648.921, 718.764, 628.909, 665.669, 811.035, 688.878]"
aggregation4_tutti_20%,{1: '--nstates 2 --s0 7 --rwm0 5 --cle0 0 --phe0 0 --n0 1 --n0x0 0 --c0x0 5 --p0x0 0.9 --l0x0 6 --f0x0 1 --s1 9 --fov1 1 --vel1 1.0 --cle1 6 --clr1 6 --phe1 0 --n1 1 --n1x0 0 --c1x0 3 --p1x0 0.5'},[16],10,"[425.231, 387.184, 384.256, 403.713, 381.085, 348.212, 341.694, 386.098, 369.245, 355.658]"
aggregation4_habanero_100%,{1: '--nstates 2 --s0 0 --rwm0 5 --cle0 0 --phe0 0 --n0 1 --n0x0 0 --c0x0 4 --p0x0 0.8 --s1 2 --fov1 1 --vel1 1.0 --cle1 0 --clr1 5 --phe1 2 --n1 1 --n1x0 0 --c1x0 4 --p1x0 0.9'},[16],10,"[802.428, 967.237, 712.619, 858.48, 776.375, 761.233, 855.071, 746.231, 854.727, 902.763]"
aggregation4_habanero_20%,{1: '--nstates 2 --s0 0 --rwm0 5 --cle0 0 --phe0 0 --n0 1 --n0x0 0 --c0x0 4 --p0x0 0.8 --s1 2 --fov1 1 --vel1 1.0 --cle1 0 --clr1 5 --phe1 2 --n1 1 --n1x0 0 --c1x0 4 --p1x0 0.9'},[16],10,"[511.919, 904.227, 714.292, 642.02, 981.929, 697.888, 764.922, 799.542, 619.664, 765.836]"
aggregation5_habanero_20%,--nstates 2 --s0 7 --rwm0 5 --cle0 0 --phe0 0 --n0 1 --n0x0 0 --c0x0 5 --p0x0 0.9 --l0x0 6 --f0x0 1 --s1 9 --fov1 1 --vel1 1.0 --cle1 6 --clr1 6 --phe1 0 --n1 1 --n1x0 0 --c1x0 3 --p1x0 0.5,16,10,[399.96]
aggregation5_habanero_20%,--nstates 2 --s0 7 --rwm0 5 --cle0 0 --phe0 0 --n0 1 --n0x0 0 --c0x0 5 --p0x0 0.9 --l0x0 6 --f0x0 1 --s1 9 --fov1 1 --vel1 1.0 --cle1 6 --clr1 6 --phe1 0 --n1 1 --n1x0 0 --c1x0 3 --p1x0 0.5,16,10,[399.96]
aggregation5_habanero_20%,--nstates 2 --s0 7 --rwm0 5 --cle0 0 --phe0 0 --n0 1 --n0x0 0 --c0x0 5 --p0x0 0.9 --l0x0 6 --f0x0 1 --s1 9 --fov1 1 --vel1 1.0 --cle1 6 --clr1 6 --phe1 0 --n1 1 --n1x0 0 --c1x0 3 --p1x0 0.5,16,10,[399.96]
aggregation5_habanero_20%,--nstates 2 --s0 7 --rwm0 5 --cle0 0 --phe0 0 --n0 1 --n0x0 0 --c0x0 5 --p0x0 0.9 --l0x0 6 --f0x0 1 --s1 9 --fov1 1 --vel1 1.0 --cle1 6 --clr1 6 --phe1 0 --n1 1 --n1x0 0 --c1x0 3 --p1x0 0.5,16,10,[399.96]
aggregation5_habanero_20%,--nstates 2 --s0 7 --rwm0 5 --cle0 0 --phe0 0 --n0 1 --n0x0 0 --c0x0 5 --p0x0 0.9 --l0x0 6 --f0x0 1 --s1 9 --fov1 1 --vel1 1.0 --cle1 6 --clr1 6 --phe1 0 --n1 1 --n1x0 0 --c1x0 3 --p1x0 0.5,16,10,[399.96]
aggregation5_habanero_20%,--nstates 2 --s0 7 --rwm0 5 --cle0 0 --phe0 0 --n0 1 --n0x0 0 --c0x0 5 --p0x0 0.9 --l0x0 6 --f0x0 1 --s1 9 --fov1 1 --vel1 1.0 --cle1 6 --clr1 6 --phe1 0 --n1 1 --n1x0 0 --c1x0 3 --p1x0 0.5,16,1,[399.96]
aggregation5_habanero_20%,--nstates 2 --s0 7 --rwm0 5 --cle0 0 --phe0 0 --n0 1 --n0x0 0 --c0x0 5 --p0x0 0.9 --l0x0 6 --f0x0 1 --s1 9 --fov1 1 --vel1 1.0 --cle1 6 --clr1 6 --phe1 0 --n1 1 --n1x0 0 --c1x0 3 --p1x0 0.5,16,1,[399.96]
aggregation5_habanero_20%,--nstates 2 --s0 7 --rwm0 5 --cle0 0 --phe0 0 --n0 1 --n0x0 0 --c0x0 5 --p0x0 0.9 --l0x0 6 --f0x0 1 --s1 9 --fov1 1 --vel1 1.0 --cle1 6 --clr1 6 --phe1 0 --n1 1 --n1x0 0 --c1x0 3 --p1x0 0.5,16,1,[399.96]
aggregation5_habanero_20%,--nstates 2 --s0 7 --rwm0 5 --cle0 0 --phe0 0 --n0 1 --n0x0 0 --c0x0 5 --p0x0 0.9 --l0x0 6 --f0x0 1 --s1 9 --fov1 1 --vel1 1.0 --cle1 6 --clr1 6 --phe1 0 --n1 1 --n1x0 0 --c1x0 3 --p1x0 0.5,16,1,[399.96]
aggregation5_habanero_20%,--nstates 2 --s0 7 --rwm0 5 --cle0 0 --phe0 0 --n0 1 --n0x0 0 --c0x0 5 --p0x0 0.9 --l0x0 6 --f0x0 1 --s1 9 --fov1 1 --vel1 1.0 --cle1 6 --clr1 6 --phe1 0 --n1 1 --n1x0 0 --c1x0 3 --p1x0 0.5,16,10,[399.96]
aggregation6_tutti_100%,--nstates 2 --s0 7 --rwm0 5 --cle0 0 --phe0 0 --n0 1 --n0x0 0 --c0x0 5 --p0x0 0.9 --l0x0 6 --f0x0 1 --s1 9 --fov1 1 --vel1 1.0 --cle1 6 --clr1 6 --phe1 0 --n1 1 --n1x0 0 --c1x0 3 --p1x0 0.5,16,10,"[0.831378, 0.835062, 0.809108, 0.748746, 0.792864, 0.817871, 0.83149, 0.822418, 0.817231, 0.812245]"
aggregation6_tutti_20%,--nstates 2 --s0 7 --rwm0 5 --cle0 0 --phe0 0 --n0 1 --n0x0 0 --c0x0 5 --p0x0 0.9 --l0x0 6 --f0x0 1 --s1 9 --fov1 1 --vel1 1.0 --cle1 6 --clr1 6 --phe1 0 --n1 1 --n1x0 0 --c1x0 3 --p1x0 0.5,16,10,"[0.226132, 0.169906, 0.24025, 0.167968, 0.211405, 0.193647, 0.188573, 0.195103, 0.212123, 0.151627]"
aggregation6_habanero_20%,--nstates 2 --s0 7 --rwm0 5 --cle0 0 --phe0 0 --n0 1 --n0x0 0 --c0x0 5 --p0x0 0.9 --l0x0 6 --f0x0 1 --s1 9 --fov1 1 --vel1 1.0 --cle1 6 --clr1 6 --phe1 0 --n1 1 --n1x0 0 --c1x0 3 --p1x0 0.5,16,10,"[0.435846, 0.631457, 0.180168, 0.599065, 0.497728, 0.363088, 0.515738, 0.17129, 0.254024, 0.578962]"
aggregation6_habanero_100%,--nstates 2 --s0 7 --rwm0 5 --cle0 0 --phe0 0 --n0 1 --n0x0 0 --c0x0 5 --p0x0 0.9 --l0x0 6 --f0x0 1 --s1 9 --fov1 1 --vel1 1.0 --cle1 6 --clr1 6 --phe1 0 --n1 1 --n1x0 0 --c1x0 3 --p1x0 0.5,16,10,"[0.182562, 0.487261, 0.425587, 0.537837, 0.305979, 0.292027, 0.547395, 0.539439, 0.331257, 0.419961]"
